{
    "name": "root",
    "gauges": {
        "PPO.Policy.Entropy.mean": {
            "value": 1.418938398361206,
            "min": 1.418938159942627,
            "max": 1.4189385175704956,
            "count": 1000
        },
        "PPO.Policy.Entropy.sum": {
            "value": 11168.4638671875,
            "min": 9926.892578125,
            "max": 12766.1875,
            "count": 1000
        },
        "PPO.Step.mean": {
            "value": 7999536.0,
            "min": 7650.0,
            "max": 7999536.0,
            "count": 1000
        },
        "PPO.Step.sum": {
            "value": 7999536.0,
            "min": 7650.0,
            "max": 7999536.0,
            "count": 1000
        },
        "PPO.Policy.ExtrinsicValueEstimate.mean": {
            "value": -0.005857231095433235,
            "min": -0.046156734228134155,
            "max": 0.004530951380729675,
            "count": 1000
        },
        "PPO.Policy.ExtrinsicValueEstimate.sum": {
            "value": -0.04685784876346588,
            "min": -0.4509139955043793,
            "max": 0.0362476110458374,
            "count": 1000
        },
        "PPO.Environment.EpisodeLength.mean": {
            "value": 6015.5,
            "min": 1301.5,
            "max": 6016.0,
            "count": 1000
        },
        "PPO.Environment.EpisodeLength.sum": {
            "value": 12031.0,
            "min": 2206.0,
            "max": 13698.0,
            "count": 1000
        },
        "PPO.Environment.CumulativeReward.mean": {
            "value": -354.08999824523926,
            "min": -360.42000579833984,
            "max": -71.69999980926514,
            "count": 1000
        },
        "PPO.Environment.CumulativeReward.sum": {
            "value": -708.1799964904785,
            "min": -802.1999893188477,
            "max": -143.39999961853027,
            "count": 1000
        },
        "PPO.Policy.ExtrinsicReward.mean": {
            "value": -354.08999824523926,
            "min": -360.42000579833984,
            "max": -71.69999980926514,
            "count": 1000
        },
        "PPO.Policy.ExtrinsicReward.sum": {
            "value": -708.1799964904785,
            "min": -802.1999893188477,
            "max": -143.39999961853027,
            "count": 1000
        },
        "PPO.IsTraining.mean": {
            "value": 1.0,
            "min": 1.0,
            "max": 1.0,
            "count": 1000
        },
        "PPO.IsTraining.sum": {
            "value": 1.0,
            "min": 1.0,
            "max": 1.0,
            "count": 1000
        }
    },
    "metadata": {
        "timer_format_version": "0.1.0",
        "start_time_seconds": "1701217627",
        "python_version": "3.10.13 | packaged by Anaconda, Inc. | (main, Sep 11 2023, 13:24:38) [MSC v.1916 64 bit (AMD64)]",
        "command_line_arguments": "C:\\Users\\student\\bleisingeral\\miniconda3\\envs\\trainings-env\\Scripts\\mlagents-learn Configs\\GridSearch\\gridSearch-19.yaml --run-id=gridSearch-fixed-19 --base-port=5005 --env=C:\\Users\\student\\bleisingeral\\builded\\AI-Drone-Control.exe",
        "mlagents_version": "1.1.0.dev0",
        "mlagents_envs_version": "1.1.0.dev0",
        "communication_protocol_version": "1.5.0",
        "pytorch_version": "1.13.1+cu117",
        "numpy_version": "1.23.5",
        "end_time_seconds": "1701255378"
    },
    "total": 37751.283938100096,
    "count": 1,
    "self": 0.47749510034918785,
    "children": {
        "run_training.setup": {
            "total": 0.08141939993947744,
            "count": 1,
            "self": 0.08141939993947744
        },
        "TrainerController.start_learning": {
            "total": 37750.72502359981,
            "count": 1,
            "self": 125.5318515538238,
            "children": {
                "TrainerController._reset_env": {
                    "total": 7.3895612000487745,
                    "count": 1,
                    "self": 7.3895612000487745
                },
                "TrainerController.advance": {
                    "total": 37617.755469945725,
                    "count": 8000581,
                    "self": 50.79548283293843,
                    "children": {
                        "env_step": {
                            "total": 37566.95998711279,
                            "count": 8000581,
                            "self": 25377.357267768122,
                            "children": {
                                "SubprocessEnvManager._take_step": {
                                    "total": 12108.269978777971,
                                    "count": 8000581,
                                    "self": 289.404204800725,
                                    "children": {
                                        "TorchPolicy.evaluate": {
                                            "total": 11818.865773977246,
                                            "count": 8000581,
                                            "self": 11818.865773977246
                                        }
                                    }
                                },
                                "workers": {
                                    "total": 81.33274056669325,
                                    "count": 8000581,
                                    "self": 0.0,
                                    "children": {
                                        "worker_root": {
                                            "total": 37591.61691071233,
                                            "count": 8000581,
                                            "is_parallel": true,
                                            "self": 17286.040914042387,
                                            "children": {
                                                "steps_from_proto": {
                                                    "total": 0.008423099759966135,
                                                    "count": 1,
                                                    "is_parallel": true,
                                                    "self": 6.529968231916428e-05,
                                                    "children": {
                                                        "_process_maybe_compressed_observation": {
                                                            "total": 0.00826429994776845,
                                                            "count": 2,
                                                            "is_parallel": true,
                                                            "self": 2.5999732315540314e-05,
                                                            "children": {
                                                                "_observation_to_np_array": {
                                                                    "total": 0.00823830021545291,
                                                                    "count": 1,
                                                                    "is_parallel": true,
                                                                    "self": 2.6700086891651154e-05,
                                                                    "children": {
                                                                        "process_pixels": {
                                                                            "total": 0.008211600128561258,
                                                                            "count": 1,
                                                                            "is_parallel": true,
                                                                            "self": 0.0001566004939377308,