{
    "name": "root",
    "metadata": {
        "timer_format_version": "0.1.0",
        "start_time_seconds": "1705569484",
        "python_version": "3.10.13 | packaged by Anaconda, Inc. | (main, Sep 11 2023, 13:24:38) [MSC v.1916 64 bit (AMD64)]",
        "command_line_arguments": "C:\\Users\\student\\bleisingeral\\miniconda3\\envs\\trainings-env\\Scripts\\mlagents-learn Configs\\delta-less.yaml --run-id=delta-less-single-Block-complex-NN",
        "mlagents_version": "1.1.0.dev0",
        "mlagents_envs_version": "1.1.0.dev0",
        "communication_protocol_version": "1.5.0",
        "pytorch_version": "1.13.1+cu117",
        "numpy_version": "1.23.5",
        "end_time_seconds": "1705569529"
    },
    "total": 44.25256519950926,
    "count": 1,
    "self": 0.0045280009508132935,
    "children": {
        "run_training.setup": {
            "total": 0.08465689979493618,
            "count": 1,
            "self": 0.08465689979493618
        },
        "TrainerController.start_learning": {
            "total": 44.163380298763514,
            "count": 1,
            "self": 0.03914208337664604,
            "children": {
                "TrainerController._reset_env": {
                    "total": 14.01746580004692,
                    "count": 1,
                    "self": 14.01746580004692
                },
                "TrainerController.advance": {
                    "total": 29.94962901622057,
                    "count": 1410,
                    "self": 0.013467948883771896,
                    "children": {
                        "env_step": {
                            "total": 29.936161067336798,
                            "count": 1410,
                            "self": 24.88755039870739,
                            "children": {
                                "SubprocessEnvManager._take_step": {
                                    "total": 5.029439056292176,
                                    "count": 1410,
                                    "self": 0.08350307866930962,
                                    "children": {
                                        "TorchPolicy.evaluate": {
                                            "total": 4.945935977622867,
                                            "count": 1410,
                                            "self": 4.945935977622867
                                        }
                                    }
                                },
                                "workers": {
                                    "total": 0.019171612337231636,
                                    "count": 1409,
                                    "self": 0.0,
                                    "children": {
                                        "worker_root": {
                                            "total": 15.366636225953698,
                                            "count": 1409,
                                            "is_parallel": true,
                                            "self": 7.247839452698827,
                                            "children": {
                                                "steps_from_proto": {
                                                    "total": 0.011511299759149551,
                                                    "count": 1,
                                                    "is_parallel": true,
                                                    "self": 6.979890167713165e-05,
                                                    "children": {
                                                        "_process_maybe_compressed_observation": {
                                                            "total": 0.01136230118572712,
                                                            "count": 2,
                                                            "is_parallel": true,
                                                            "self": 3.2899901270866394e-05,
                                                            "children": {
                                                                "_observation_to_np_array": {
                                                                    "total": 0.011329401284456253,
                                                                    "count": 1,
                                                                    "is_parallel": true,
                                                                    "self": 2.1401792764663696e-05,
                                                                    "children": {
                                                                        "process_pixels": {
                                                                            "total": 0.01130799949169159,
                                                                            "count": 1,
                                                                            "is_parallel": true,
                                                                            "self": 0.00016159936785697937,
                                                                            "children": {
                                                                                "image_decompress": {
                                                                                    "total": 0.01114640012383461,
                                                                                    "count": 1,
                                                                                    "is_parallel": true,
                                                                                    "self": 0.01114640012383461
                                                                                }
                                                                            }
                                                                        }
                                                                    }
                                                                }
                                                            }
                                                        },
                                                        "_process_rank_one_or_two_observation": {
                                                            "total": 7.919967174530029e-05,
                                                            "count": 2,
                                                            "is_parallel": true,
                                                            "self": 7.919967174530029e-05
                                                        }
                                                    }
                                                },
                                                "UnityEnvironment.step": {
                                                    "total": 8.107285473495722,
                                                    "count": 1409,
                                                    "is_parallel": true,
                                                    "self": 0.10023759864270687,
                                                    "children": {
                                                        "UnityEnvironment._generate_step_input": {
                                                            "total": 0.08771106041967869,
                                                            "count": 1409,
                                                            "is_parallel": true,
                                                            "self": 0.08771106041967869
                                                        },
                                                        "communicator.exchange": {
                                                            "total": 7.2207362074404955,
                                                            "count": 1409,