{
    "name": "root",
    "metadata": {
        "timer_format_version": "0.1.0",
        "start_time_seconds": "1705569575",
        "python_version": "3.10.13 | packaged by Anaconda, Inc. | (main, Sep 11 2023, 13:24:38) [MSC v.1916 64 bit (AMD64)]",
        "command_line_arguments": "C:\\Users\\student\\bleisingeral\\miniconda3\\envs\\trainings-env\\Scripts\\mlagents-learn Configs\\delta-less.yaml --run-id=delta-less-single-Block-complex-NN --force",
        "mlagents_version": "1.1.0.dev0",
        "mlagents_envs_version": "1.1.0.dev0",
        "communication_protocol_version": "1.5.0",
        "pytorch_version": "1.13.1+cu117",
        "numpy_version": "1.23.5",
        "end_time_seconds": "1705662364"
    },
    "total": 92789.30784779973,
    "count": 1,
    "self": 0.00863960012793541,
    "children": {
        "run_training.setup": {
            "total": 0.06845789961516857,
            "count": 1,
            "self": 0.06845789961516857
        },
        "TrainerController.start_learning": {
            "total": 92789.23075029999,
            "count": 1,
            "self": 55.34332477301359,
            "children": {
                "TrainerController._reset_env": {
                    "total": 4.234287099912763,
                    "count": 1,
                    "self": 4.234287099912763
                },
                "TrainerController.advance": {
                    "total": 92727.50734022632,
                    "count": 3119420,
                    "self": 22.867342000827193,
                    "children": {
                        "env_step": {
                            "total": 92704.6399982255,
                            "count": 3119420,
                            "self": 70436.32576032542,
                            "children": {
                                "SubprocessEnvManager._take_step": {
                                    "total": 22226.298611417413,
                                    "count": 3119420,
                                    "self": 131.77674730867147,
                                    "children": {
                                        "TorchPolicy.evaluate": {
                                            "total": 22094.52186410874,
                                            "count": 3119420,
                                            "self": 22094.52186410874
                                        }
                                    }
                                },
                                "workers": {
                                    "total": 42.01562648266554,
                                    "count": 3119419,
                                    "self": 0.0,
                                    "children": {
                                        "worker_root": {
                                            "total": 92719.34589991719,
                                            "count": 3119419,
                                            "is_parallel": true,
                                            "self": 82872.0669810269,
                                            "children": {
                                                "steps_from_proto": {
                                                    "total": 0.008269399404525757,
                                                    "count": 1,
                                                    "is_parallel": true,
                                                    "self": 6.730109453201294e-05,
                                                    "children": {
                                                        "_process_maybe_compressed_observation": {
                                                            "total": 0.008118299767374992,
                                                            "count": 2,
                                                            "is_parallel": true,
                                                            "self": 2.909824252128601e-05,
                                                            "children": {
                                                                "_observation_to_np_array": {
                                                                    "total": 0.008089201524853706,
                                                                    "count": 1,
                                                                    "is_parallel": true,
                                                                    "self": 2.1101906895637512e-05,
                                                                    "children": {
                                                                        "process_pixels": {
                                                                            "total": 0.008068099617958069,
                                                                            "count": 1,
                                                                            "is_parallel": true,
                                                                            "self": 0.0001801997423171997,
                                                                            "children": {
                                                                                "image_decompress": {
                                                                                    "total": 0.00788789987564087,
                                                                                    "count": 1,
                                                                                    "is_parallel": true,
                                                                                    "self": 0.00788789987564087
                                                                                }
                                                                            }
                                                                        }
                                                                    }
                                                                }
                                                            }
                                                        },
                                                        "_process_rank_one_or_two_observation": {
                                                            "total": 8.379854261875153e-05,
                                                            "count": 2,
                                                            "is_parallel": true,
                                                            "self": 8.379854261875153e-05
                                                        }
                                                    }
                                                },
                                                "UnityEnvironment.step": {
                                                    "total": 9847.270649490878,
                                                    "count": 3119419,
                                                    "is_parallel": true,
                                                    "self": 162.93031396903098,
                                                    "children": {
                                                        "UnityEnvironment._generate_step_input": {
                                                            "total": 130.6466282028705,
                                                            "count": 3119419,
                                                            "is_parallel": true,
                                                            "self": 130.6466282028705
                                                        },
                                                        "communicator.exchange": {
                                                            "total": 8372.976829851046,
                                                            "count": 3119419,