{"count":1,"self":2571.1757312,"total":185973.84223429998,"children":{"InitializeActuators":{"count":6343,"self":0.076199099999999992,"total":0.076199099999999992,"children":null},"InitializeSensors":{"count":6343,"self":0.5743301,"total":0.5743301,"children":null},"AgentSendState":{"count":3195784,"self":4293.0520064,"total":4967.7781825,"children":{"CollectObservations":{"count":3132890,"self":20.960876799999998,"total":20.9608775,"children":null},"WriteActionMask":{"count":3132890,"self":3.4453852,"total":3.4453852,"children":null},"RequestDecision":{"count":3132890,"self":17.4961888,"total":650.3197377,"children":{"AgentInfo.ToProto":{"count":3132890,"self":16.0891744,"total":632.8235483,"children":{"GenerateSensorData":{"count":3132890,"self":45.8798816,"total":616.7343734,"children":{"CameraSensor.GetCompressedObservation":{"count":3132890,"self":570.8545024,"total":570.8544905,"children":null}}}}}}}}},"DecideAction":{"count":3195784,"self":178425.3120512,"total":178425.314304,"children":null},"AgentAct":{"count":3195784,"self":7.5941199999999993,"total":7.5941199,"children":null},"AgentInfo.ToProto":{"count":6342,"self":0.0323598,"total":1.328379,"children":{"GenerateSensorData":{"count":6342,"self":0.103339,"total":1.2960192,"children":{"CameraSensor.GetCompressedObservation":{"count":6342,"self":1.1926801999999999,"total":1.1926801999999999,"children":null}}}}}},"gauges":{},"metadata":{"timer_format_version":"0.1.0","start_time_seconds":"1702625864","unity_version":"2022.3.11f1","command_line_arguments":"C:\\Program Files\\Unity\\Hub\\Editor\\2022.3.11f1\\Editor\\Unity.exe -projectpath C:\\Users\\student\\bleisingeral\\AI-Drone-Control -useHub -hubIPC -cloudEnvironment production","communication_protocol_version":"1.5.0","com.unity.ml-agents_version":"3.0.0-exp.1","scene_name":"x1 FASTER DRONE","end_time_seconds":"1702811838"}}