{"count":1,"self":2569.9651584,"total":130350.0844508,"children":{"InitializeActuators":{"count":5686,"self":0.0635579,"total":0.0635579,"children":null},"InitializeSensors":{"count":5686,"self":0.5135351,"total":0.5135351,"children":null},"AgentSendState":{"count":4052151,"self":4240.7718912,"total":5131.6757862999993,"children":{"CollectObservations":{"count":4000425,"self":21.497591999999997,"total":21.4975919,"children":null},"WriteActionMask":{"count":4000425,"self":4.4206284,"total":4.4206284999999994,"children":null},"RequestDecision":{"count":4000425,"self":19.6894928,"total":864.98574279999991,"children":{"AgentInfo.ToProto":{"count":4000425,"self":19.352448,"total":845.2962501,"children":{"GenerateSensorData":{"count":4000425,"self":59.2500672,"total":825.943802,"children":{"CameraSensor.GetCompressedObservation":{"count":4000425,"self":766.69373439999993,"total":766.693734,"children":null}}}}}}}}},"DecideAction":{"count":4052151,"self":122636.6386176,"total":122636.63665469999,"children":null},"AgentAct":{"count":4052151,"self":10.042232,"total":10.0422318,"children":null},"AgentInfo.ToProto":{"count":5685,"self":0.0356082,"total":1.185887,"children":{"GenerateSensorData":{"count":5685,"self":0.0807701,"total":1.1502788,"children":{"CameraSensor.GetCompressedObservation":{"count":5685,"self":1.0695086999999999,"total":1.0695086999999999,"children":null}}}}}},"gauges":{},"metadata":{"timer_format_version":"0.1.0","start_time_seconds":"1703163129","unity_version":"2022.3.11f1","command_line_arguments":"C:\\Program Files\\Unity\\Hub\\Editor\\2022.3.11f1\\Editor\\Unity.exe -projectpath C:\\Users\\student\\bleisingeral\\AI-Drone-Control -useHub -hubIPC -cloudEnvironment production","communication_protocol_version":"1.5.0","com.unity.ml-agents_version":"3.0.0-exp.1","scene_name":"x1 FASTER DRONE","end_time_seconds":"1703293479"}}