{"count":1,"self":3674.433536,"total":248883.7978954,"children":{"InitializeActuators":{"count":12408,"self":0.14665119999999998,"total":0.14665119999999998,"children":null},"InitializeSensors":{"count":12408,"self":1.1019385,"total":1.1019385,"children":null},"AgentSendState":{"count":4160151,"self":5235.894272,"total":6030.1514775999995,"children":{"CollectObservations":{"count":4000859,"self":23.387780799999998,"total":23.387780499999998,"children":null},"WriteActionMask":{"count":4000859,"self":4.2968056,"total":4.2968054,"children":null},"RequestDecision":{"count":4000859,"self":21.6446672,"total":766.5725967,"children":{"AgentInfo.ToProto":{"count":4000859,"self":20.324272,"total":744.92793009999991,"children":{"GenerateSensorData":{"count":4000859,"self":61.3836544,"total":724.6036576,"children":{"CameraSensor.GetCompressedObservation":{"count":4000859,"self":663.2200192,"total":663.2200008,"children":null}}}}}}}}},"DecideAction":{"count":4160151,"self":239166.34439679998,"total":239166.3482631,"children":null},"AgentAct":{"count":4160151,"self":9.3167352,"total":9.3167352,"children":null},"AgentInfo.ToProto":{"count":12407,"self":0.0846659,"total":2.29949,"children":{"GenerateSensorData":{"count":12407,"self":0.193719,"total":2.2148241,"children":{"CameraSensor.GetCompressedObservation":{"count":12407,"self":2.0211052,"total":2.0211050999999998,"children":null}}}}}},"gauges":{},"metadata":{"timer_format_version":"0.1.0","start_time_seconds":"1702914235","unity_version":"2022.3.11f1","command_line_arguments":"C:\\Program Files\\Unity\\Hub\\Editor\\2022.3.11f1\\Editor\\Unity.exe -projectpath C:\\Users\\student\\bleisingeral\\AI-Drone-Control -useHub -hubIPC -cloudEnvironment production","communication_protocol_version":"1.5.0","com.unity.ml-agents_version":"3.0.0-exp.1","scene_name":"x1 FASTER DRONE","end_time_seconds":"1703163119"}}