{"count":1,"self":880.5932032,"total":46269.1789027,"children":{"InitializeActuators":{"count":2156,"self":0.030256599999999998,"total":0.030256599999999998,"children":null},"InitializeSensors":{"count":2156,"self":0.1953548,"total":0.1953548,"children":null},"AgentSendState":{"count":1087351,"self":1281.6801791999999,"total":1505.0234590999999,"children":{"CollectObservations":{"count":1067172,"self":7.0672919999999992,"total":7.0672919,"children":null},"WriteActionMask":{"count":1067172,"self":1.0135406,"total":1.0135406,"children":null},"RequestDecision":{"count":1067172,"self":5.6251424,"total":215.2624328,"children":{"AgentInfo.ToProto":{"count":1067172,"self":4.8885828,"total":209.63729049999998,"children":{"GenerateSensorData":{"count":1067172,"self":15.7321168,"total":204.7487076,"children":{"CameraSensor.GetCompressedObservation":{"count":1067172,"self":189.0165888,"total":189.01659039999998,"children":null}}}}}}}}},"DecideAction":{"count":1087351,"self":43879.448575999995,"total":43879.4490406,"children":null},"AgentAct":{"count":1087351,"self":3.4548688,"total":3.4548688,"children":null},"AgentInfo.ToProto":{"count":2155,"self":0.0120533,"total":0.4327241,"children":{"GenerateSensorData":{"count":2155,"self":0.0403341,"total":0.42067079999999996,"children":{"CameraSensor.GetCompressedObservation":{"count":2155,"self":0.38033669999999997,"total":0.38033669999999997,"children":null}}}}}},"gauges":{},"metadata":{"timer_format_version":"0.1.0","start_time_seconds":"1702579585","unity_version":"2022.3.11f1","command_line_arguments":"C:\\Program Files\\Unity\\Hub\\Editor\\2022.3.11f1\\Editor\\Unity.exe -projectpath C:\\Users\\student\\bleisingeral\\AI-Drone-Control -useHub -hubIPC -cloudEnvironment production","communication_protocol_version":"1.5.0","com.unity.ml-agents_version":"3.0.0-exp.1","scene_name":"x1 FASTER DRONE","end_time_seconds":"1702625854"}}