{"count":1,"self":9399.3115648,"total":727605.9796468,"children":{"InitializeActuators":{"count":144779,"self":1.6309392,"total":1.6309392,"children":null},"InitializeSensors":{"count":144779,"self":11.7905888,"total":11.7905886,"children":null},"AgentSendState":{"count":13243101,"self":11677.5469056,"total":14206.5569024,"children":{"CollectObservations":{"count":12000353,"self":65.528992,"total":65.5289939,"children":null},"WriteActionMask":{"count":12000353,"self":12.517324799999999,"total":12.517324499999999,"children":null},"RequestDecision":{"count":12000353,"self":66.9648192,"total":2450.9635522,"children":{"AgentInfo.ToProto":{"count":12000353,"self":56.204076799999996,"total":2383.9987317,"children":{"GenerateSensorData":{"count":12000353,"self":175.40817919999998,"total":2327.7946521,"children":{"CameraSensor.GetCompressedObservation":{"count":12000353,"self":2152.38656,"total":2152.3864728999997,"children":null}}}}}}}}},"DecideAction":{"count":13243101,"self":703928.8344576,"total":703928.81945999991,"children":null},"AgentAct":{"count":13243101,"self":28.8571456,"total":28.8571463,"children":null},"AgentInfo.ToProto":{"count":144778,"self":0.92442859999999993,"total":29.0127562,"children":{"GenerateSensorData":{"count":144778,"self":1.9829658,"total":28.0883276,"children":{"CameraSensor.GetCompressedObservation":{"count":144778,"self":26.1053616,"total":26.105361799999997,"children":null}}}}}},"gauges":{},"metadata":{"timer_format_version":"0.1.0","start_time_seconds":"1705662467","unity_version":"2022.3.11f1","command_line_arguments":"C:\\Program Files\\Unity\\Hub\\Editor\\2022.3.11f1\\Editor\\Unity.exe -projectpath C:\\Users\\student\\bleisingeral\\AI-Drone-Control -useHub -hubIPC -cloudEnvironment production","communication_protocol_version":"1.5.0","com.unity.ml-agents_version":"3.0.0-exp.1","scene_name":"x1 FASTER DRONE","end_time_seconds":"1706390072"}}