{"count":1,"self":5922.6734591999993,"total":294586.0011245,"children":{"InitializeActuators":{"count":4491,"self":0.0674425,"total":0.0674425,"children":null},"InitializeSensors":{"count":4491,"self":0.48204139999999995,"total":0.48204139999999995,"children":null},"AgentSendState":{"count":8047934,"self":8033.9804159999994,"total":9797.0932683,"children":{"CollectObservations":{"count":8000343,"self":46.979279999999996,"total":46.9792813,"children":null},"WriteActionMask":{"count":8000343,"self":8.0743736,"total":8.0743735,"children":null},"RequestDecision":{"count":8000343,"self":45.4392704,"total":1708.0594176,"children":{"AgentInfo.ToProto":{"count":8000343,"self":44.8964704,"total":1662.6201466999999,"children":{"GenerateSensorData":{"count":8000343,"self":136.4802048,"total":1617.7236759,"children":{"CameraSensor.GetCompressedObservation":{"count":8000343,"self":1481.2434432,"total":1481.2434726,"children":null}}}}}}}}},"DecideAction":{"count":8047934,"self":278842.3892992,"total":278842.38354129996,"children":null},"AgentAct":{"count":8047934,"self":22.242620799999997,"total":22.242620499999997,"children":null},"AgentInfo.ToProto":{"count":4490,"self":0.0336203,"total":1.0585779,"children":{"GenerateSensorData":{"count":4490,"self":0.0889615,"total":1.0249576,"children":{"CameraSensor.GetCompressedObservation":{"count":4490,"self":0.9359961,"total":0.9359961,"children":null}}}}}},"gauges":{},"metadata":{"timer_format_version":"0.1.0","start_time_seconds":"1704491172","unity_version":"2022.3.11f1","command_line_arguments":"C:\\Program Files\\Unity\\Hub\\Editor\\2022.3.11f1\\Editor\\Unity.exe -projectpath C:\\Users\\student\\bleisingeral\\AI-Drone-Control -useHub -hubIPC -cloudEnvironment production","communication_protocol_version":"1.5.0","com.unity.ml-agents_version":"3.0.0-exp.1","scene_name":"x1 FASTER DRONE","end_time_seconds":"1704785758"}}