{"count":1,"self":4861.9548672,"total":48203.056687799995,"children":{"InitializeActuators":{"count":61327,"self":0.6153824,"total":0.6153824,"children":null},"InitializeSensors":{"count":61327,"self":4.8312764,"total":4.8312764999999995,"children":null},"AgentSendState":{"count":8542151,"self":6556.1407487999995,"total":8610.7616551,"children":{"CollectObservations":{"count":8000131,"self":40.7340896,"total":40.734088799999995,"children":null},"WriteActionMask":{"count":8000131,"self":5.7849184,"total":5.7849184,"children":null},"RequestDecision":{"count":8000131,"self":30.1149344,"total":2008.1020961,"children":{"AgentInfo.ToProto":{"count":8000131,"self":24.5665376,"total":1977.9871612999998,"children":{"GenerateSensorData":{"count":8000131,"self":92.7124288,"total":1953.4206229,"children":{"CameraSensor.GetCompressedObservation":{"count":8000131,"self":1860.7081472,"total":1860.7081931,"children":null}}}}}}}}},"DecideAction":{"count":8542151,"self":34697.6387072,"total":34697.6380993,"children":null},"AgentAct":{"count":8542151,"self":12.7331456,"total":12.7331457,"children":null},"AgentInfo.ToProto":{"count":61326,"self":0.2992776,"total":14.522422299999999,"children":{"GenerateSensorData":{"count":61326,"self":0.6967108,"total":14.223144699999999,"children":{"CameraSensor.GetCompressedObservation":{"count":61326,"self":13.526433599999999,"total":13.526433899999999,"children":null}}}}}},"gauges":{},"metadata":{"timer_format_version":"0.1.0","start_time_seconds":"1702385217","unity_version":"2022.3.11f1","command_line_arguments":"C:\\Program Files\\Unity\\Hub\\Editor\\2022.3.11f1\\Editor\\Unity.exe -projectpath C:\\Users\\student\\bleisingeral\\AI-Drone-Control -useHub -hubIPC -cloudEnvironment production","communication_protocol_version":"1.5.0","com.unity.ml-agents_version":"3.0.0-exp.1","scene_name":"x1 FASTER DRONE","end_time_seconds":"1702433420"}}