{"count":1,"self":2413.0977792,"total":79939.2451243,"children":{"InitializeActuators":{"count":4243,"self":0.052734699999999995,"total":0.052734699999999995,"children":null},"InitializeSensors":{"count":4243,"self":0.359626,"total":0.359626,"children":null},"AgentSendState":{"count":4039551,"self":3960.5411839999997,"total":4793.1480169999995,"children":{"CollectObservations":{"count":4001284,"self":20.1623072,"total":20.1623067,"children":null},"WriteActionMask":{"count":4001284,"self":3.6140163999999997,"total":3.6140163,"children":null},"RequestDecision":{"count":4001284,"self":18.6046192,"total":808.83043549999991,"children":{"AgentInfo.ToProto":{"count":4001284,"self":16.9543088,"total":790.2258163,"children":{"GenerateSensorData":{"count":4001284,"self":57.722272,"total":773.27150799999993,"children":{"CameraSensor.GetCompressedObservation":{"count":4001284,"self":715.5492352,"total":715.5492368,"children":null}}}}}}}}},"DecideAction":{"count":4039551,"self":72723.16928,"total":72723.1720068,"children":null},"AgentAct":{"count":4039551,"self":8.4557159999999989,"total":8.4557159,"children":null},"AgentInfo.ToProto":{"count":4242,"self":0.0243208,"total":0.9581989,"children":{"GenerateSensorData":{"count":4242,"self":0.0606279,"total":0.93387809999999993,"children":{"CameraSensor.GetCompressedObservation":{"count":4242,"self":0.8732502,"total":0.8732502,"children":null}}}}}},"gauges":{},"metadata":{"timer_format_version":"0.1.0","start_time_seconds":"1702834082","unity_version":"2022.3.11f1","command_line_arguments":"C:\\Program Files\\Unity\\Hub\\Editor\\2022.3.11f1\\Editor\\Unity.exe -projectpath C:\\Users\\student\\bleisingeral\\AI-Drone-Control -useHub -hubIPC -cloudEnvironment production","communication_protocol_version":"1.5.0","com.unity.ml-agents_version":"3.0.0-exp.1","scene_name":"x1 FASTER DRONE","end_time_seconds":"1702914021"}}