{"count":1,"self":1921.8012159999998,"total":170596.97347179998,"children":{"InitializeActuators":{"count":10071,"self":0.1336345,"total":0.1336345,"children":null},"InitializeSensors":{"count":10071,"self":0.9979555,"total":0.9979555,"children":null},"AgentSendState":{"count":1534951,"self":6780.2533888,"total":7710.9765592999993,"children":{"CollectObservations":{"count":4514724,"self":29.869062399999997,"total":29.8690613,"children":null},"WriteActionMask":{"count":4514724,"self":5.2928352,"total":5.2928351,"children":null},"RequestDecision":{"count":4514724,"self":21.8981088,"total":895.5614402,"children":{"AgentInfo.ToProto":{"count":4514724,"self":20.6607616,"total":873.6633309,"children":{"GenerateSensorData":{"count":4514724,"self":61.234425599999994,"total":853.0025691,"children":{"CameraSensor.GetCompressedObservation":{"count":4514724,"self":791.76816639999993,"total":791.76814359999992,"children":null}}}}}}}}},"DecideAction":{"count":1534951,"self":160954.6858496,"total":160954.6909351,"children":null},"AgentAct":{"count":1534951,"self":6.0921623999999994,"total":6.0921625,"children":null},"AgentInfo.ToProto":{"count":10068,"self":0.1094058,"total":2.2800286,"children":{"GenerateSensorData":{"count":10068,"self":0.1751385,"total":2.1706228,"children":{"CameraSensor.GetCompressedObservation":{"count":10068,"self":1.9954843999999998,"total":1.9954843,"children":null}}}}}},"gauges":{},"metadata":{"timer_format_version":"0.1.0","start_time_seconds":"1702038718","unity_version":"2022.3.11f1","command_line_arguments":"C:\\Program Files\\Unity\\Hub\\Editor\\2022.3.11f1\\Editor\\Unity.exe -projectpath C:\\Users\\student\\bleisingeral\\AI-Drone-Control -useHub -hubIPC -cloudEnvironment production","communication_protocol_version":"1.5.0","com.unity.ml-agents_version":"3.0.0-exp.1","scene_name":"x2","end_time_seconds":"1702209315"}}