{"count":1,"self":8442.1885952,"total":88341.050330999991,"children":{"InitializeActuators":{"count":66500,"self":1.4734208,"total":1.4734208,"children":null},"InitializeSensors":{"count":66500,"self":8.8682216,"total":8.8682214999999989,"children":null},"AgentSendState":{"count":10588334,"self":13430.6275328,"total":17366.4977072,"children":{"CollectObservations":{"count":10000073,"self":166.3168896,"total":166.3168862,"children":null},"WriteActionMask":{"count":10000073,"self":34.5304064,"total":34.5304061,"children":null},"RequestDecision":{"count":10000073,"self":152.658304,"total":3735.0232563,"children":{"AgentInfo.ToProto":{"count":10000073,"self":121.9397632,"total":3582.3649473,"children":{"GenerateSensorData":{"count":10000073,"self":309.328512,"total":3460.4251879999997,"children":{"CameraSensor.GetCompressedObservation":{"count":10000073,"self":3151.0966272,"total":3151.0966805,"children":null}}}}}}}}},"DecideAction":{"count":10588334,"self":62440.2169856,"total":62440.217651599996,"children":null},"AgentAct":{"count":10588334,"self":57.931008,"total":57.931006499999995,"children":null},"AgentInfo.ToProto":{"count":66499,"self":1.3245741,"total":23.871773899999997,"children":{"GenerateSensorData":{"count":66499,"self":2.1563384,"total":22.547199799999998,"children":{"CameraSensor.GetCompressedObservation":{"count":66499,"self":20.3908608,"total":20.3908614,"children":null}}}}}},"gauges":{},"metadata":{"timer_format_version":"0.1.0","start_time_seconds":"1701172643","unity_version":"2022.3.11f1","command_line_arguments":"C:\\Program Files\\Unity\\Hub\\Editor\\2022.3.11f1\\Editor\\Unity.exe -projectpath C:\\Users\\Alex\\Dokumente\\GitHub\\AI-Drone-Control -useHub -hubIPC -cloudEnvironment production","communication_protocol_version":"1.5.0","com.unity.ml-agents_version":"3.0.0-exp.1","scene_name":"x2","end_time_seconds":"1701260983"}}