{"count":1,"self":4647.5395072,"total":155730.9705849,"children":{"InitializeActuators":{"count":71352,"self":0.74044519999999991,"total":0.74044519999999991,"children":null},"InitializeSensors":{"count":71352,"self":6.4696387999999994,"total":6.4696387,"children":null},"AgentSendState":{"count":4284417,"self":16204.3805696,"total":19226.6217694,"children":{"CollectObservations":{"count":12221375,"self":73.32448,"total":73.324479,"children":null},"WriteActionMask":{"count":12221375,"self":10.455076,"total":10.4550758,"children":null},"RequestDecision":{"count":12221375,"self":52.877004799999995,"total":2938.4613019999997,"children":{"AgentInfo.ToProto":{"count":12221375,"self":45.3513728,"total":2885.5842957,"children":{"GenerateSensorData":{"count":12221375,"self":149.22039039999999,"total":2840.2329216,"children":{"CameraSensor.GetCompressedObservation":{"count":12221375,"self":2691.012608,"total":2691.0125353,"children":null}}}}}}}}},"DecideAction":{"count":4284417,"self":131820.4735488,"total":131820.4793515,"children":null},"AgentAct":{"count":4284417,"self":11.7237224,"total":11.7237226,"children":null},"AgentInfo.ToProto":{"count":71349,"self":0.46719259999999996,"total":17.394974599999998,"children":{"GenerateSensorData":{"count":71349,"self":0.94201609999999991,"total":16.927782,"children":{"CameraSensor.GetCompressedObservation":{"count":71349,"self":15.9857664,"total":15.985765899999999,"children":null}}}}}},"gauges":{},"metadata":{"timer_format_version":"0.1.0","start_time_seconds":"1701878587","unity_version":"2022.3.11f1","command_line_arguments":"C:\\Program Files\\Unity\\Hub\\Editor\\2022.3.11f1\\Editor\\Unity.exe -projectpath C:\\Users\\student\\bleisingeral\\AI-Drone-Control -useHub -hubIPC -cloudEnvironment production","communication_protocol_version":"1.5.0","com.unity.ml-agents_version":"3.0.0-exp.1","scene_name":"x2","end_time_seconds":"1702034318"}}