{"count":1,"self":683.3102336,"total":14531.7063475,"children":{"InitializeActuators":{"count":10660,"self":0.10154919999999999,"total":0.10154919999999999,"children":null},"InitializeSensors":{"count":10660,"self":0.99185439999999991,"total":0.99185439999999991,"children":null},"AgentSendState":{"count":606517,"self":2125.2784128,"total":2549.7616927,"children":{"CollectObservations":{"count":1725213,"self":10.1082288,"total":10.108229099999999,"children":null},"WriteActionMask":{"count":1725213,"self":1.4997299,"total":1.4997299,"children":null},"RequestDecision":{"count":1725213,"self":7.0442208,"total":412.875341,"children":{"AgentInfo.ToProto":{"count":1725213,"self":5.9930604,"total":405.83111979999995,"children":{"GenerateSensorData":{"count":1725213,"self":19.7835792,"total":399.8380595,"children":{"CameraSensor.GetCompressedObservation":{"count":1725213,"self":380.0544768,"total":380.0544797,"children":null}}}}}}}}},"DecideAction":{"count":606517,"self":11292.9513472,"total":11292.951175999999,"children":null},"AgentAct":{"count":606517,"self":2.0711368,"total":2.0711367,"children":null},"AgentInfo.ToProto":{"count":10657,"self":0.0655182,"total":2.5187162,"children":{"GenerateSensorData":{"count":10657,"self":0.15466159999999998,"total":2.453198,"children":{"CameraSensor.GetCompressedObservation":{"count":10657,"self":2.2985363999999997,"total":2.2985363999999997,"children":null}}}}}},"gauges":{},"metadata":{"timer_format_version":"0.1.0","start_time_seconds":"1701863665","unity_version":"2022.3.11f1","command_line_arguments":"C:\\Program Files\\Unity\\Hub\\Editor\\2022.3.11f1\\Editor\\Unity.exe -projectpath C:\\Users\\student\\bleisingeral\\AI-Drone-Control -useHub -hubIPC -cloudEnvironment production","communication_protocol_version":"1.5.0","com.unity.ml-agents_version":"3.0.0-exp.1","scene_name":"x2","end_time_seconds":"1701878196"}}