{"count":1,"self":4766.3132672,"total":56485.551035799996,"children":{"InitializeActuators":{"count":59074,"self":1.2537296999999998,"total":1.2537296999999998,"children":null},"InitializeSensors":{"count":59074,"self":7.5976175999999995,"total":7.597618,"children":null},"AgentSendState":{"count":3999467,"self":11308.115558399999,"total":14130.8256412,"children":{"CollectObservations":{"count":7477564,"self":117.80733439999999,"total":117.8073323,"children":null},"WriteActionMask":{"count":7477564,"self":25.1030464,"total":25.103047099999998,"children":null},"RequestDecision":{"count":7477564,"self":113.424832,"total":2679.7999771,"children":{"AgentInfo.ToProto":{"count":7477564,"self":82.7107328,"total":2566.3751434,"children":{"GenerateSensorData":{"count":7477564,"self":212.72186879999998,"total":2483.66441,"children":{"CameraSensor.GetCompressedObservation":{"count":7477564,"self":2270.9426175999997,"total":2270.9425355999997,"children":null}}}}}}}}},"DecideAction":{"count":3999467,"self":37533.7484288,"total":37533.749278899995,"children":null},"AgentAct":{"count":3999467,"self":25.510336,"total":25.5103355,"children":null},"AgentInfo.ToProto":{"count":59072,"self":1.1304882,"total":20.3002292,"children":{"GenerateSensorData":{"count":59072,"self":1.7568876,"total":19.169741,"children":{"CameraSensor.GetCompressedObservation":{"count":59072,"self":17.4128528,"total":17.4128533,"children":null}}}}}},"gauges":{},"metadata":{"timer_format_version":"0.1.0","start_time_seconds":"1700503488","unity_version":"2022.3.11f1","command_line_arguments":"C:\\Program Files\\Unity\\Hub\\Editor\\2022.3.11f1\\Editor\\Unity.exe -projectpath C:\\Users\\Alex\\Dokumente\\GitHub\\AI-Drone-Control -useHub -hubIPC -cloudEnvironment production","communication_protocol_version":"1.5.0","com.unity.ml-agents_version":"3.0.0-exp.1","scene_name":"x6","end_time_seconds":"1700559974"}}