{"count":1,"self":11571.9151616,"total":117547.2131355,"children":{"InitializeActuators":{"count":81141,"self":1.2251014999999998,"total":1.2251014999999998,"children":null},"InitializeSensors":{"count":81141,"self":10.355465599999999,"total":10.3554658,"children":null},"AgentSendState":{"count":2514855,"self":15383.004774399998,"total":25745.6305756,"children":{"CollectObservations":{"count":20037707,"self":129.8902144,"total":129.8902135,"children":null},"WriteActionMask":{"count":20037707,"self":27.2137568,"total":27.2137559,"children":null},"RequestDecision":{"count":20037707,"self":116.06389759999999,"total":10205.5218375,"children":{"AgentInfo.ToProto":{"count":20037707,"self":98.1905536,"total":10089.457944,"children":{"GenerateSensorData":{"count":20037707,"self":385.0274048,"total":9991.2673875,"children":{"CameraSensor.GetCompressedObservation":{"count":20037707,"self":9606.2398464,"total":9606.2399833,"children":null}}}}}}}}},"DecideAction":{"count":2514855,"self":80153.745817599993,"total":80153.7471691,"children":null},"AgentAct":{"count":2514855,"self":19.7460096,"total":19.7460088,"children":null},"AgentInfo.ToProto":{"count":81133,"self":0.972232,"total":44.593266199999995,"children":{"GenerateSensorData":{"count":81133,"self":1.8825399999999999,"total":43.6210342,"children":{"CameraSensor.GetCompressedObservation":{"count":81133,"self":41.738492799999996,"total":41.7384943,"children":null}}}}}},"gauges":{},"metadata":{"timer_format_version":"0.1.0","start_time_seconds":"1698513737","unity_version":"2022.3.11f1","command_line_arguments":"C:\\Program Files\\Unity\\Hub\\Editor\\2022.3.11f1\\Editor\\Unity.exe -projectpath C:\\Users\\student\\bleisingeral\\AI-Drone-Control -useHub -hubIPC -cloudEnvironment production","communication_protocol_version":"1.5.0","com.unity.ml-agents_version":"3.0.0-exp.1","scene_name":"x6","end_time_seconds":"1698634884"}}