{"count":1,"self":4213.7464832,"total":46534.5208452,"children":{"InitializeActuators":{"count":62496,"self":0.8419656,"total":0.8419656,"children":null},"InitializeSensors":{"count":62496,"self":6.5828571999999994,"total":6.5828571,"children":null},"AgentSendState":{"count":1002820,"self":5213.9728896,"total":8666.2923748,"children":{"CollectObservations":{"count":7960072,"self":44.439046399999995,"total":44.4390472,"children":null},"WriteActionMask":{"count":7960072,"self":9.124024,"total":9.1240241,"children":null},"RequestDecision":{"count":7960072,"self":37.8916064,"total":3398.7562933,"children":{"AgentInfo.ToProto":{"count":7960072,"self":31.1695712,"total":3360.8646882999997,"children":{"GenerateSensorData":{"count":7960072,"self":120.40615679999999,"total":3329.6951166,"children":{"CameraSensor.GetCompressedObservation":{"count":7960072,"self":3209.2889087999997,"total":3209.2889655,"children":null}}}}}}}}},"DecideAction":{"count":1002820,"self":33611.03872,"total":33611.038095799995,"children":null},"AgentAct":{"count":1002820,"self":6.2536192,"total":6.2536191,"children":null},"AgentInfo.ToProto":{"count":62488,"self":0.6005074,"total":29.7653665,"children":{"GenerateSensorData":{"count":62488,"self":1.1680747999999999,"total":29.164859099999997,"children":{"CameraSensor.GetCompressedObservation":{"count":62488,"self":27.996783999999998,"total":27.996784299999998,"children":null}}}}}},"gauges":{},"metadata":{"timer_format_version":"0.1.0","start_time_seconds":"1698389781","unity_version":"2022.3.11f1","command_line_arguments":"C:\\Program Files\\Unity\\Hub\\Editor\\2022.3.11f1\\Editor\\Unity.exe -projectpath C:\\Users\\student\\bleisingeral\\AI-Drone-Control -useHub -hubIPC -cloudEnvironment production","communication_protocol_version":"1.5.0","com.unity.ml-agents_version":"3.0.0-exp.1","scene_name":"x6","end_time_seconds":"1698436315"}}