{"count":1,"self":24640.410419199998,"total":1043877.2059239,"children":{"InitializeActuators":{"count":171663,"self":2.515748,"total":2.515748,"children":null},"InitializeSensors":{"count":171663,"self":28.2557504,"total":28.2557519,"children":null},"AgentSendState":{"count":6114068,"self":31589.302271999997,"total":55998.2428326,"children":{"CollectObservations":{"count":48740889,"self":274.0660736,"total":274.06606389999996,"children":null},"WriteActionMask":{"count":48740889,"self":56.5473408,"total":56.5473424,"children":null},"RequestDecision":{"count":48740889,"self":245.0392832,"total":24078.328590999998,"children":{"AgentInfo.ToProto":{"count":48740889,"self":218.1078272,"total":23833.289311999997,"children":{"GenerateSensorData":{"count":48740889,"self":931.8926336,"total":23615.1814853,"children":{"CameraSensor.GetCompressedObservation":{"count":48740889,"self":22683.2891904,"total":22683.288814,"children":null}}}}}}}}},"DecideAction":{"count":6114068,"self":963075.11295999994,"total":963075.155128,"children":null},"AgentAct":{"count":6114068,"self":41.8534752,"total":41.853475599999996,"children":null},"AgentInfo.ToProto":{"count":171655,"self":1.7887339999999998,"total":90.7559923,"children":{"GenerateSensorData":{"count":171655,"self":4.2786248,"total":88.967258399999992,"children":{"CameraSensor.GetCompressedObservation":{"count":171655,"self":84.6886336,"total":84.688633799999991,"children":null}}}}}},"gauges":{},"metadata":{"timer_format_version":"0.1.0","start_time_seconds":"1698835342","unity_version":"2022.3.11f1","command_line_arguments":"C:\\Program Files\\Unity\\Hub\\Editor\\2022.3.11f1\\Editor\\Unity.exe -projectpath C:\\Users\\student\\bleisingeral\\AI-Drone-Control -useHub -hubIPC -cloudEnvironment production","communication_protocol_version":"1.5.0","com.unity.ml-agents_version":"3.0.0-exp.1","scene_name":"x8-4-splitConfig","end_time_seconds":"1699879219"}}