{
    "name": "root",
    "gauges": {
        "PPO.Policy.Entropy.mean": {
            "value": 1.4189382791519165,
            "min": 1.418938159942627,
            "max": 1.4189382791519165,
            "count": 1000
        },
        "PPO.Policy.Entropy.sum": {
            "value": 11350.0869140625,
            "min": 11303.26171875,
            "max": 11399.75,
            "count": 1000
        },
        "PPO.Step.mean": {
            "value": 7999996.0,
            "min": 7969.0,
            "max": 7999996.0,
            "count": 1000
        },
        "PPO.Step.sum": {
            "value": 7999996.0,
            "min": 7969.0,
            "max": 7999996.0,
            "count": 1000
        },
        "PPO.Policy.ExtrinsicValueEstimate.mean": {
            "value": 0.04436403885483742,
            "min": -0.006504987832158804,
            "max": 0.06736094504594803,
            "count": 1000
        },
        "PPO.Policy.ExtrinsicValueEstimate.sum": {
            "value": 11.17973804473877,
            "min": -1.6262469291687012,
            "max": 16.907596588134766,
            "count": 1000
        },
        "PPO.Environment.EpisodeLength.mean": {
            "value": 6016.0,
            "min": 1094.3333333333333,
            "max": 6016.0,
            "count": 1000
        },
        "PPO.Environment.EpisodeLength.sum": {
            "value": 12032.0,
            "min": 2227.0,
            "max": 13639.0,
            "count": 1000
        },
        "PPO.Environment.CumulativeReward.mean": {
            "value": -357.8999918103218,
            "min": -360.71999192237854,
            "max": -64.29999850442012,
            "count": 1000
        },
        "PPO.Environment.CumulativeReward.sum": {
            "value": -715.7999836206436,
            "min": -801.8999814465642,
            "max": -129.77999690920115,
            "count": 1000
        },
        "PPO.Policy.ExtrinsicReward.mean": {
            "value": -357.8999918103218,
            "min": -360.71999192237854,
            "max": -64.29999850442012,
            "count": 1000
        },
        "PPO.Policy.ExtrinsicReward.sum": {
            "value": -715.7999836206436,
            "min": -801.8999814465642,
            "max": -129.77999690920115,
            "count": 1000
        },
        "PPO.IsTraining.mean": {
            "value": 1.0,
            "min": 1.0,
            "max": 1.0,
            "count": 1000
        },
        "PPO.IsTraining.sum": {
            "value": 1.0,
            "min": 1.0,
            "max": 1.0,
            "count": 1000
        }
    },
    "metadata": {
        "timer_format_version": "0.1.0",
        "start_time_seconds": "1700801354",
        "python_version": "3.10.13 | packaged by Anaconda, Inc. | (main, Sep 11 2023, 13:24:38) [MSC v.1916 64 bit (AMD64)]",
        "command_line_arguments": "C:\\Users\\student\\bleisingeral\\miniconda3\\envs\\trainings-env\\Scripts\\mlagents-learn Configs\\GridSearch\\gridSearch-9.yaml --run-id=gridSearch-fixed-9 --base-port=5005 --env=C:\\Users\\student\\bleisingeral\\builded\\AI-Drone-Control.exe",
        "mlagents_version": "1.1.0.dev0",
        "mlagents_envs_version": "1.1.0.dev0",
        "communication_protocol_version": "1.5.0",
        "pytorch_version": "1.13.1+cu117",
        "numpy_version": "1.23.5",
        "end_time_seconds": "1700840776"
    },
    "total": 39421.88664409984,
    "count": 1,
    "self": 10.006463800091296,
    "children": {
        "run_training.setup": {
            "total": 0.07590549997985363,
            "count": 1,
            "self": 0.07590549997985363
        },
        "TrainerController.start_learning": {
            "total": 39411.80427479977,
            "count": 1,
            "self": 133.22133699944243,
            "children": {
                "TrainerController._reset_env": {
                    "total": 9.345949400216341,
                    "count": 1,
                    "self": 9.345949400216341
                },
                "TrainerController.advance": {
                    "total": 39269.18264260003,
                    "count": 8000032,
                    "self": 55.0724094780162,
                    "children": {
                        "env_step": {
                            "total": 39214.11023312202,
                            "count": 8000032,
                            "self": 26220.68062014971,
                            "children": {
                                "SubprocessEnvManager._take_step": {
                                    "total": 12906.725367962848,
                                    "count": 8000032,
                                    "self": 313.8363963169977,
                                    "children": {
                                        "TorchPolicy.evaluate": {
                                            "total": 12592.88897164585,
                                            "count": 8000032,
                                            "self": 12592.88897164585
                                        }
                                    }
                                },
                                "workers": {
                                    "total": 86.70424500945956,
                                    "count": 8000032,
                                    "self": 0.0,
                                    "children": {
                                        "worker_root": {
                                            "total": 39245.14146756334,
                                            "count": 8000032,
                                            "is_parallel": true,
                                            "self": 18390.264280557632,
                                            "children": {
                                                "steps_from_proto": {
                                                    "total": 0.007923599798232317,
                                                    "count": 1,
                                                    "is_parallel": true,
                                                    "self": 6.630038842558861e-05,
                                                    "children": {
                                                        "_process_maybe_compressed_observation": {
                                                            "total": 0.0077716996893286705,
                                                            "count": 2,
                                                            "is_parallel": true,
                                                            "self": 2.5599729269742966e-05,
                                                            "children": {
                                                                "_observation_to_np_array": {
                                                                    "total": 0.0077460999600589275,
                                                                    "count": 1,
                                                                    "is_parallel": true,
                                                                    "self": 1.780036836862564e-05,
                                                                    "children": {
                                                                        "process_pixels": {
                                                                            "total": 0.007728299591690302,
                                                                            "count": 1,
                                                                            "is_parallel": true,
                                                                            "self": 0.00015539955347776413,